antecedents,consequents,support,confidence,lift
frozenset({'60 TEATIME FAIRY CAKE CASES'}),frozenset({'PACK OF 72 RETROSPOT CAKE CASES'}),0.0284,0.5867768595041323,7.7615986706895805
frozenset({'ALARM CLOCK BAKELIKE ORANGE'}),frozenset({'ALARM CLOCK BAKELIKE GREEN'}),0.0208,0.7482014388489209,13.703323055841041
frozenset({'ALARM CLOCK BAKELIKE PINK'}),frozenset({'ALARM CLOCK BAKELIKE GREEN'}),0.0214,0.5691489361702127,10.423973189930635
frozenset({'ALARM CLOCK BAKELIKE GREEN'}),frozenset({'ALARM CLOCK BAKELIKE RED '}),0.0358,0.6556776556776556,12.609185686108761
frozenset({'ALARM CLOCK BAKELIKE RED '}),frozenset({'ALARM CLOCK BAKELIKE GREEN'}),0.0358,0.6884615384615385,12.609185686108763
frozenset({'ALARM CLOCK BAKELIKE PINK'}),frozenset({'ALARM CLOCK BAKELIKE RED '}),0.0218,0.5797872340425532,11.14975450081833
frozenset({'CANDLEHOLDER PINK HANGING HEART'}),frozenset({'WHITE HANGING HEART T-LIGHT HOLDER'}),0.0278,0.7239583333333334,5.1127000941619585
frozenset({'CHARLOTTE BAG PINK POLKADOT'}),frozenset({'CHARLOTTE BAG SUKI DESIGN'}),0.0216,0.542713567839196,12.06030150753769
frozenset({'RED RETROSPOT CHARLOTTE BAG'}),frozenset({'CHARLOTTE BAG PINK POLKADOT'}),0.0248,0.5210084033613445,13.090663401038805
frozenset({'CHARLOTTE BAG PINK POLKADOT'}),frozenset({'RED RETROSPOT CHARLOTTE BAG'}),0.0248,0.6231155778894472,13.090663401038805
frozenset({'CHARLOTTE BAG SUKI DESIGN'}),frozenset({'RED RETROSPOT CHARLOTTE BAG'}),0.024,0.5333333333333333,11.204481792717086
frozenset({'RED RETROSPOT CHARLOTTE BAG'}),frozenset({'CHARLOTTE BAG SUKI DESIGN'}),0.024,0.5042016806722689,11.204481792717086
frozenset({'WOODLAND CHARLOTTE BAG'}),frozenset({'CHARLOTTE BAG SUKI DESIGN'}),0.0224,0.5045045045045045,11.21121121121121
frozenset({'HOT WATER BOTTLE I AM SO POORLY'}),frozenset({'CHOCOLATE HOT WATER BOTTLE'}),0.0218,0.6300578034682082,13.877925186524408
frozenset({'GIN + TONIC DIET METAL SIGN'}),frozenset({'COOK WITH WINE METAL SIGN '}),0.0222,0.502262443438914,10.463800904977376
frozenset({'HAND OVER THE CHOCOLATE   SIGN '}),frozenset({'COOK WITH WINE METAL SIGN '}),0.0222,0.5138888888888888,10.706018518518517
frozenset({'COOK WITH WINE METAL SIGN '}),frozenset({'PLEASE ONE PERSON METAL SIGN'}),0.0246,0.5125,7.649253731343283
frozenset({'DOLLY GIRL LUNCH BOX'}),frozenset({'SPACEBOY LUNCH BOX '}),0.0282,0.6025641025641025,12.09968077437957
frozenset({'SPACEBOY LUNCH BOX '}),frozenset({'DOLLY GIRL LUNCH BOX'}),0.0282,0.5662650602409639,12.09968077437957
frozenset({'DOTCOM POSTAGE'}),frozenset({'JUMBO BAG RED RETROSPOT'}),0.0296,0.6607142857142857,6.5417256011315414
frozenset({'DOTCOM POSTAGE'}),frozenset({'SMALL POPCORN HOLDER'}),0.0238,0.53125,7.632902298850575
frozenset({'GIN + TONIC DIET METAL SIGN'}),frozenset({'PLEASE ONE PERSON METAL SIGN'}),0.0234,0.5294117647058824,7.9016681299385425
frozenset({'PINK REGENCY TEACUP AND SAUCER'}),frozenset({'GREEN REGENCY TEACUP AND SAUCER'}),0.0234,0.8013698630136986,13.961147439263042
frozenset({'GREEN REGENCY TEACUP AND SAUCER'}),frozenset({'REGENCY CAKESTAND 3 TIER'}),0.0312,0.5435540069686411,4.5447659445538555
frozenset({'ROSES REGENCY TEACUP AND SAUCER '}),frozenset({'GREEN REGENCY TEACUP AND SAUCER'}),0.0428,0.7456445993031359,12.990324029671356
frozenset({'GREEN REGENCY TEACUP AND SAUCER'}),frozenset({'ROSES REGENCY TEACUP AND SAUCER '}),0.0428,0.7456445993031359,12.990324029671356
frozenset({'HAND OVER THE CHOCOLATE   SIGN '}),frozenset({'PLEASE ONE PERSON METAL SIGN'}),0.0222,0.5138888888888888,7.669983416252072
frozenset({'SINGLE HEART ZINC T-LIGHT HOLDER'}),frozenset({'HANGING HEART ZINC T-LIGHT HOLDER'}),0.0208,0.6459627329192547,14.35472739820566
frozenset({'HEART OF WICKER LARGE'}),frozenset({'HEART OF WICKER SMALL'}),0.0426,0.6301775147928994,7.080646233628084
frozenset({'LOVE BUILDING BLOCK WORD'}),frozenset({'HOME BUILDING BLOCK WORD'}),0.022,0.5188679245283019,9.13499867127292
frozenset({'JAM MAKING SET WITH JARS'}),frozenset({'JAM MAKING SET PRINTED'}),0.0408,0.504950495049505,5.885203905005885
frozenset({'JUMBO  BAG BAROQUE BLACK WHITE'}),frozenset({'JUMBO BAG RED RETROSPOT'}),0.0348,0.6666666666666666,6.6006600660066
frozenset({'JUMBO BAG OWLS'}),frozenset({'JUMBO BAG RED RETROSPOT'}),0.0312,0.6419753086419753,6.356191174673022
frozenset({'JUMBO BAG WOODLAND ANIMALS'}),frozenset({'JUMBO BAG OWLS'}),0.0222,0.5495049504950495,11.306686224177975
frozenset({'JUMBO BAG PINK POLKADOT'}),frozenset({'JUMBO BAG RED RETROSPOT'}),0.0384,0.6689895470383275,6.623658881567598
frozenset({'JUMBO BAG PINK VINTAGE PAISLEY'}),frozenset({'JUMBO BAG RED RETROSPOT'}),0.0226,0.5305164319248826,5.252637939850323
frozenset({'JUMBO BAG SPACEBOY DESIGN'}),frozenset({'JUMBO BAG RED RETROSPOT'}),0.0224,0.6913580246913581,6.845128957340179
frozenset({'JUMBO BAG STRAWBERRY'}),frozenset({'JUMBO BAG RED RETROSPOT'}),0.0288,0.6153846153846153,6.0929169840060915
frozenset({'JUMBO BAG WOODLAND ANIMALS'}),frozenset({'JUMBO BAG RED RETROSPOT'}),0.0242,0.599009900990099,5.930791098911871
frozenset({'JUMBO SHOPPER VINTAGE RED PAISLEY'}),frozenset({'JUMBO BAG RED RETROSPOT'}),0.0298,0.5283687943262412,5.2313742012499125
frozenset({'JUMBO STORAGE BAG SUKI'}),frozenset({'JUMBO BAG RED RETROSPOT'}),0.0332,0.6014492753623188,5.954943320418998
frozenset({'RECYCLING BAG RETROSPOT '}),frozenset({'JUMBO BAG RED RETROSPOT'}),0.0222,0.5,4.9504950495049505
frozenset({'JUMBO BAG WOODLAND ANIMALS'}),frozenset({'JUMBO STORAGE BAG SUKI'}),0.0204,0.504950495049505,9.147653895824366
frozenset({'LADIES & GENTLEMEN METAL SIGN'}),frozenset({'PLEASE ONE PERSON METAL SIGN'}),0.021,0.5614973262032086,8.380557107510576
frozenset({'PACK OF 60 PINK PAISLEY CAKE CASES'}),frozenset({'PACK OF 72 RETROSPOT CAKE CASES'}),0.0276,0.5542168674698795,7.330910945368776
frozenset({'PINK REGENCY TEACUP AND SAUCER'}),frozenset({'ROSES REGENCY TEACUP AND SAUCER '}),0.0212,0.726027397260274,12.648560927879338
"frozenset({""POPPY'S PLAYHOUSE KITCHEN""})","frozenset({""POPPY'S PLAYHOUSE BEDROOM ""})",0.022,0.7333333333333333,24.94331065759637
"frozenset({""POPPY'S PLAYHOUSE BEDROOM ""})","frozenset({""POPPY'S PLAYHOUSE KITCHEN""})",0.022,0.7482993197278911,24.94331065759637
frozenset({'RED HANGING HEART T-LIGHT HOLDER'}),frozenset({'WHITE HANGING HEART T-LIGHT HOLDER'}),0.0358,0.6704119850187266,4.734547916798916
frozenset({'STRAWBERRY CHARLOTTE BAG'}),frozenset({'RED RETROSPOT CHARLOTTE BAG'}),0.02,0.5952380952380952,12.505002000800319
frozenset({'RED RETROSPOT CHARLOTTE BAG'}),frozenset({'WOODLAND CHARLOTTE BAG'}),0.0254,0.5336134453781513,12.018320841850253
frozenset({'WOODLAND CHARLOTTE BAG'}),frozenset({'RED RETROSPOT CHARLOTTE BAG'}),0.0254,0.572072072072072,12.018320841850251
frozenset({'SET OF 3 BUTTERFLY COOKIE CUTTERS'}),frozenset({'SET OF 3 HEART COOKIE CUTTERS'}),0.0218,0.5505050505050505,9.491466388018111
frozenset({'SET OF 6 SPICE TINS PANTRY DESIGN'}),frozenset({'SET OF 3 CAKE TINS PANTRY DESIGN '}),0.0474,0.6457765667574931,6.15025301673803
frozenset({'SWEETHEART CERAMIC TRINKET BOX'}),frozenset({'STRAWBERRY CERAMIC TRINKET BOX'}),0.0238,0.6918604651162791,13.203443990768685
frozenset({'WOODEN FRAME ANTIQUE WHITE '}),frozenset({'WOODEN PICTURE FRAME WHITE FINISH'}),0.0354,0.5299401197604791,9.136898616559984
frozenset({'WOODEN PICTURE FRAME WHITE FINISH'}),frozenset({'WOODEN FRAME ANTIQUE WHITE '}),0.0354,0.6103448275862069,9.136898616559984
"frozenset({'ROSES REGENCY TEACUP AND SAUCER ', 'PINK REGENCY TEACUP AND SAUCER'})",frozenset({'GREEN REGENCY TEACUP AND SAUCER'}),0.0204,0.9622641509433963,16.764183814344886
"frozenset({'GREEN REGENCY TEACUP AND SAUCER', 'PINK REGENCY TEACUP AND SAUCER'})",frozenset({'ROSES REGENCY TEACUP AND SAUCER '}),0.0204,0.8717948717948718,15.188063968551774
frozenset({'PINK REGENCY TEACUP AND SAUCER'}),"frozenset({'GREEN REGENCY TEACUP AND SAUCER', 'ROSES REGENCY TEACUP AND SAUCER '})",0.0204,0.6986301369863014,16.323134041736015
"frozenset({'REGENCY CAKESTAND 3 TIER', 'ROSES REGENCY TEACUP AND SAUCER '})",frozenset({'GREEN REGENCY TEACUP AND SAUCER'}),0.0238,0.8439716312056739,14.703338522746932
"frozenset({'GREEN REGENCY TEACUP AND SAUCER', 'ROSES REGENCY TEACUP AND SAUCER '})",frozenset({'REGENCY CAKESTAND 3 TIER'}),0.0238,0.5560747663551403,4.649454568186792
"frozenset({'REGENCY CAKESTAND 3 TIER', 'GREEN REGENCY TEACUP AND SAUCER'})",frozenset({'ROSES REGENCY TEACUP AND SAUCER '}),0.0238,0.7628205128205129,13.289555972482804
"frozenset({'JAM MAKING SET WITH JARS', 'SET OF 3 CAKE TINS PANTRY DESIGN '})",frozenset({'SET OF 6 SPICE TINS PANTRY DESIGN'}),0.0206,0.5919540229885057,8.064768705565472
"frozenset({'JAM MAKING SET WITH JARS', 'SET OF 6 SPICE TINS PANTRY DESIGN'})",frozenset({'SET OF 3 CAKE TINS PANTRY DESIGN '}),0.0206,0.7518248175182481,7.160236357316649
